k,inertia,silhouette_score
2,441.5490869359066,0.4752596152093801
3,212.70445554437293,0.4941605489321675
4,150.5878819031875,0.4370196593164263
5,118.35058597324343,0.4355590987117212
6,92.78357938061816,0.458563050090548
