actual,predicted
74.73292000000001,58.046825
73.71407142857143,70.58618
75.83312676056337,63.78716
76.20067605633803,69.08777
75.22266666666665,66.155334
