actual,predicted
74.73292000000001,68.51074
73.71407142857143,76.917175
75.83312676056337,64.946304
76.20067605633803,74.028564
75.22266666666665,73.7015
