actual,predicted
73.71407142857143,77.6181
75.83312676056337,74.601135
76.20067605633803,33.064144
75.22266666666665,66.230965
