split,accuracy,balanced_accuracy,macro_f1,weighted_f1,macro_precision,macro_recall
train,0.999609375,0.999609375,0.9996093740463233,0.9996093740463234,0.9996105919003115,0.999609375
val,0.9890625,0.9890625,0.9890210718562168,0.9890210718562166,0.9891965898825654,0.9890625
test,0.9296875,0.9296875,0.9278430999314697,0.9278430999314697,0.9398440907016531,0.9296875
