actual,predicted,baseline
74.73292000000001,68.55472,62.79243578221093
73.71407142857143,77.63591,62.79243578221093
75.83312676056337,65.1181,62.79243578221093
76.20067605633803,74.64747,62.79243578221093
75.22266666666665,74.2981,62.79243578221093
