actual,predicted,baseline
73.71407142857143,77.72109,65.23306054635606
75.83312676056337,74.67991,65.23306054635606
76.20067605633803,32.687054,65.23306054635606
75.22266666666665,66.29074,65.23306054635606
