actual,predicted,baseline
74.73292000000001,57.734684,63.58128522381523
73.71407142857143,70.59154,63.58128522381523
75.83312676056337,63.742092,63.58128522381523
76.20067605633803,69.15679,63.58128522381523
75.22266666666665,66.17323,63.58128522381523
