policy,posterior_expected_reward,posterior_expected_regret,posterior_worst_regret
RuleLookup,0.5405360301241691,0.09286123752854351,0.15495495495495493
EpsilonGreedy,0.542541032991539,0.09085623466117357,0.1659459459459459
M6 LinUCB,0.49004437302195564,0.14335289463075687,0.2148648648648649
M7 LinUCB+LLM,0.47858052194410144,0.15481674570861118,0.2346846846846847
M8 RewardRanker,0.5405360301241691,0.09286123752854351,0.15495495495495493
